Date,Open,High,Low,Close,Adj Close,Volume
2017-11-23,54.5,54.5,49.5,50.0,46.1847,43100050
2017-11-24,49.9,50.45,48.55,49.5,45.7228,10149953
2017-11-27,48.6,49.5,48.05,48.75,45.03,8031087
2017-11-28,48.6,48.95,47.5,47.65,44.014,6981253
2017-11-29,47.95,48.05,47.55,47.65,44.014,8043770
2017-11-30,47.15,47.75,46.55,47.2,43.5983,13648344
2017-12-01,47.2,48.7,47.1,48.7,44.9839,4411085
2017-12-04,48.1,49.1,48.05,49.1,45.3533,2301983
2017-12-05,48.15,49.5,48.15,49.5,45.7228,3275238
2017-12-06,49.4,49.75,48.75,49.15,45.3995,3619285
2017-12-07,48.9,49.65,48.55,49.65,45.8614,5885614
2017-12-08,49.5,49.6,48.85,49.5,45.7228,3996687
2017-12-11,49.05,50.1,48.85,50.1,46.277,4726313
2017-12-12,49.6,51.3,49.55,51.3,47.3855,5026992
2017-12-13,51.0,52.35,51.0,52.0,48.032,4559626
2017-12-14,52.0,52.0,50.8,51.45,47.524,2337142
2017-12-15,51.15,51.35,50.3,50.6,46.7389,4924545
2017-12-18,50.6,51.45,50.25,51.3,47.3855,1599248
2017-12-19,51.5,51.9,50.85,51.5,47.5702,3330739
2017-12-20,51.3,52.7,51.3,52.7,48.6786,4229224
2017-12-21,52.2,52.2,51.0,51.7,47.7549,3503192
2017-12-22,51.95,52.2,51.5,51.8,47.8473,1645254
2017-12-27,51.45,51.9,51.4,51.55,47.6164,1818054
2017-12-28,51.6,51.8,51.15,51.6,47.6626,3853619
2017-12-29,51.7,52.35,51.7,52.0,48.032,1756767
2018-01-02,52.15,52.4,51.5,52.4,48.4015,1310786
2018-01-03,52.1,52.35,51.15,51.75,47.8011,1133597
2018-01-04,52.0,52.3,51.3,52.3,48.3091,2868973
2018-01-05,52.1,53.95,51.8,53.9,49.7871,3440505
2018-01-08,54.0,54.05,52.8,53.8,49.6947,1604387
2018-01-09,53.5,53.6,52.9,53.0,48.9557,2206020
2018-01-10,52.7,52.85,52.0,52.8,48.771,2743475
2018-01-11,52.6,54.2,52.35,54.2,50.0642,2821947
2018-01-12,54.0,54.15,52.5,52.5,48.4939,2687270
2018-01-15,52.7,53.45,52.15,53.35,49.279,1863854
2018-01-16,52.85,54.2,52.8,54.2,50.0642,2249083
2018-01-17,54.2,54.25,53.15,54.0,49.8794,2254856
2018-01-18,53.2,53.65,52.8,52.95,48.9095,3574529
2018-01-19,52.75,53.0,52.05,52.9,48.8634,4551216
2018-01-22,52.55,53.0,52.2,52.5,48.4939,2471515
2018-01-23,52.2,52.4,51.9,52.4,48.4015,3313582
2018-01-24,52.5,52.5,52.15,52.35,48.3553,1451311
2018-01-25,52.5,53.8,52.3,53.8,49.6947,4170330
2018-01-26,53.5,53.9,53.0,53.6,49.5099,1867501
2018-01-29,53.65,53.95,53.05,53.95,49.8332,2091513
2018-01-30,53.35,53.9,53.15,53.3,49.2328,2372626
2018-01-31,53.15,54.05,52.5,54.05,49.9256,5417253
2018-02-01,54.4,54.5,53.3,54.5,50.3413,3380638
2018-02-02,53.9,55.5,53.25,55.05,50.8493,3418167
2018-02-05,54.95,54.95,53.15,53.5,49.4176,2079621
2018-02-06,52.1,52.4,49.65,51.3,47.3855,3353504
2018-02-07,52.5,52.5,50.8,50.9,47.016,3778430
2018-02-08,50.9,51.8,50.5,51.45,47.524,1966871
2018-02-09,50.0,50.45,49.85,50.15,46.3232,4005023
2018-02-12,50.15,50.45,49.9,50.05,46.2308,1671763
2018-02-13,50.0,50.25,49.9,50.15,46.3232,1773938
2018-02-14,50.0,50.75,50.0,50.75,46.8774,1366540
2018-02-15,50.5,51.0,50.0,50.15,46.3232,1310363
2018-02-20,50.5,50.75,49.6,50.55,46.6927,1731624
2018-02-21,50.3,51.25,50.05,51.25,47.3393,879283
2018-02-22,51.0,51.05,50.4,50.75,46.8774,2121738
2018-02-23,51.05,51.25,50.5,51.05,47.1545,866038
2018-02-26,51.1,52.85,51.1,52.65,48.6324,1291920
2018-02-27,52.65,53.5,52.5,53.2,49.1405,3420357
2018-02-28,52.9,53.2,52.25,53.2,49.1405,4399316
2018-03-01,52.95,53.8,52.2,53.75,49.6485,4551964
2018-03-02,52.85,53.3,52.75,53.0,48.9557,2226318
2018-03-05,52.7,53.75,51.7,52.05,48.0782,3074855
2018-03-06,52.3,53.5,52.3,53.15,49.0943,2192387
2018-03-07,53.05,53.25,52.5,53.1,49.0481,2897513
2018-03-08,53.3,53.6,53.0,53.45,49.3714,1887502
2018-03-09,53.65,55.1,53.45,54.9,50.7108,2427196
2018-03-12,55.45,55.5,54.7,54.8,50.6184,2423029
2018-03-13,54.6,55.35,54.4,55.35,51.1264,1813616
2018-03-14,55.15,55.45,53.8,54.8,50.6184,1811249
2018-03-15,54.5,54.5,53.75,54.25,50.1104,1564383
2018-03-16,53.8,54.05,53.7,54.0,49.8794,2826829
2018-03-19,53.3,54.65,53.3,53.75,49.6485,1435347
2018-03-20,53.4,54.4,53.4,54.05,49.9256,903500
2018-03-21,54.35,54.35,52.3,52.65,48.6324,3229323
2018-03-22,52.6,52.7,51.55,52.5,48.4939,2282252
2018-03-23,50.8,51.75,50.55,51.4,47.4778,2862151
2018-03-26,51.7,51.7,50.7,51.1,47.2007,2287767
2018-03-27,51.4,51.85,50.95,51.5,47.5702,1534984
2018-03-28,51.0,51.35,49.9,49.9,46.0923,2730038
2018-03-29,50.2,51.1,49.9,51.1,47.2007,2782354
2018-04-03,50.5,53.0,50.5,53.0,48.9557,3344145
2018-04-04,53.6,54.65,53.45,54.1,49.9718,5421730
2018-04-06,52.4,53.5,52.4,52.95,49.7838,2362278
2018-04-09,53.0,54.2,52.65,53.65,50.4419,4286031
2018-04-10,54.0,55.0,53.35,54.95,51.6642,3752882
2018-04-11,54.75,55.25,54.5,55.25,51.9462,4356441
2018-04-12,55.3,55.3,53.55,54.3,51.053,2562996
2018-04-13,54.25,55.3,54.1,55.05,51.7582,1693834
2018-04-16,54.8,55.2,54.45,54.7,51.4291,1654212
2018-04-17,54.5,55.1,53.4,53.55,50.3479,2042299
2018-04-18,53.6,53.65,52.3,52.75,49.5957,2472646
2018-04-19,52.4,53.85,52.4,53.3,50.1128,3783838
2018-04-20,53.1,54.7,53.1,54.1,50.865,2061960
2018-04-23,54.0,54.25,53.6,54.15,50.912,1608623
2018-04-24,54.0,54.55,53.2,54.55,51.2881,1878933
2018-04-25,54.4,55.4,53.6,55.25,51.9462,2378575
2018-04-26,55.2,55.8,54.5,55.5,52.1813,2512402
2018-04-27,55.95,57.35,55.0,57.25,53.8266,3770256
2018-04-30,57.15,59.5,57.4,59.0,55.472,3005095
2018-05-02,57.8,58.1,56.3,58.0,54.5318,4520027
2018-05-03,57.3,57.35,56.0,56.6,53.2155,3007236
2018-05-04,57.7,58.5,56.95,58.2,54.7198,2756118
2018-05-07,58.2,58.4,56.35,57.1,53.6856,1523363
2018-05-08,57.05,57.8,56.85,57.8,54.3437,953910
2018-05-09,57.2,59.8,57.2,59.7,56.1301,4791880
2018-05-10,59.5,60.8,59.0,60.65,57.0233,2240935
2018-05-11,62.45,62.75,58.0,61.9,58.1986,3439734
2018-05-14,62.8,65.15,62.6,64.0,60.173,3305286
2018-05-15,64.0,64.0,63.0,63.2,59.4208,1811550
2018-05-16,63.0,63.0,60.7,61.05,57.3994,4216841
2018-05-17,61.2,61.6,59.35,59.8,56.2241,2294680
2018-05-18,60.25,61.0,59.0,59.05,55.519,3059947
2018-05-21,59.2,60.0,59.15,59.7,56.1301,2321269
2018-05-23,59.2,59.7,58.45,58.7,55.1899,3525707
2018-05-24,59.15,59.15,57.6,58.05,54.5788,3523425
2018-05-25,58.2,58.4,57.65,58.25,54.7668,1161834
2018-05-28,58.05,60.9,57.15,60.9,57.2584,2676451
2018-05-29,60.8,63.05,60.0,62.6,58.8567,3254942
2018-05-30,61.6,62.0,60.3,60.95,57.3054,2936253
2018-05-31,60.7,61.05,59.6,60.55,56.9293,4948577
2018-06-01,61.0,62.0,60.3,60.4,56.7883,4231649
2018-06-04,60.9,62.6,60.4,62.2,58.4806,2656729
2018-06-05,61.85,64.15,61.85,62.6,58.8567,2926494
2018-06-06,62.6,63.25,61.55,62.65,58.9037,2311815
2018-06-07,63.25,63.25,61.35,62.15,58.4336,1942535
2018-06-08,61.1,61.9,60.1,60.4,56.7883,1469851
2018-06-11,60.55,60.85,60.0,60.2,56.6002,1363827
2018-06-12,59.95,61.2,59.5,60.5,56.8823,1698292
2018-06-13,60.2,60.95,59.9,60.0,56.4122,1805374
2018-06-14,60.5,60.7,59.45,59.45,55.8951,1881081
2018-06-15,59.25,60.8,59.1,60.8,57.1643,8573995
2018-06-19,61.45,61.45,58.4,58.6,55.0959,3899360
2018-06-20,59.1,61.15,58.4,60.7,57.0703,3406429
2018-06-21,60.25,60.95,59.5,60.0,56.4122,2567098
2018-06-22,59.5,60.0,59.05,59.5,55.9421,2247057
2018-06-25,59.8,59.8,57.5,57.55,54.1087,3916089
2018-06-26,57.7,58.5,55.85,58.15,54.6728,2744350
2018-06-27,58.35,58.35,56.25,56.5,53.1215,2758548
2018-06-28,56.2,57.1,56.15,56.5,53.1215,2517523
2018-06-29,56.5,56.5,55.5,55.85,52.5103,3954468
2018-07-03,56.55,57.2,54.7,56.5,53.1215,5135315
2018-07-04,56.45,56.45,54.85,55.2,51.8992,2221826
2018-07-05,55.55,56.05,55.2,56.0,52.6514,2595790
2018-07-06,55.6,56.45,55.25,56.45,53.0745,3207175
2018-07-09,56.6,57.7,56.45,57.2,53.7796,4154524
2018-07-10,57.6,57.6,56.3,56.45,53.0745,3028576
2018-07-11,56.15,56.4,55.35,55.75,52.4163,2223833
2018-07-12,55.75,56.4,55.45,55.85,52.5103,1462463
2018-07-13,56.2,56.2,55.25,55.65,52.3223,1801329
2018-07-16,55.65,55.9,55.2,55.6,52.2753,1514900
2018-07-17,55.5,57.3,55.45,56.0,52.6514,2660517
2018-07-18,57.0,57.05,55.75,56.25,52.8864,2169585
2018-07-19,56.7,56.7,55.85,56.0,52.6514,1541478
2018-07-20,56.95,57.1,56.05,56.5,53.1215,2516417
2018-07-23,56.95,57.45,56.35,57.25,53.8266,1570487
2018-07-24,57.15,58.95,56.8,57.35,53.9207,4728094
2018-07-25,57.95,57.95,57.1,57.4,53.9677,1676804
2018-07-26,57.8,57.95,56.5,56.6,53.2155,1852956
2018-07-27,56.45,57.4,56.4,57.0,53.5916,1562784
2018-07-30,56.7,57.8,56.7,57.3,53.8736,4451260
2018-07-31,57.2,57.6,56.85,57.15,53.7326,2135870
2018-08-01,56.95,57.45,55.5,55.7,52.3693,3590482
2018-08-02,55.5,56.4,55.5,55.95,52.6044,3339886
2018-08-03,55.7,56.25,55.05,55.7,52.3693,2448687
2018-08-06,56.6,56.6,55.4,55.4,52.0873,1274630
2018-08-07,56.2,57.75,55.6,57.4,53.9677,4104327
2018-08-08,57.3,58.0,57.1,57.25,53.8266,5487174
2018-08-09,57.0,57.45,56.2,56.35,52.9804,2423544
2018-08-10,56.2,56.4,54.8,55.0,51.7112,2776059
2018-08-13,54.8,55.05,53.1,53.9,50.6769,1862011
2018-08-14,54.2,54.6,53.35,54.1,50.865,2675787
2018-08-15,54.4,54.4,52.5,52.85,49.6897,4390864
2018-08-16,52.8,53.55,52.25,52.65,49.5017,5206820
2018-08-17,53.05,53.45,52.8,53.1,49.9248,3450395
2018-08-20,53.45,53.85,53.2,53.45,50.2539,1985694
2018-08-21,53.4,53.7,52.75,52.9,49.7367,4580723
2018-08-22,51.55,52.25,50.3,51.0,48.9214,5188859
2018-08-23,51.3,51.6,50.65,50.8,48.7295,2812168
2018-08-24,50.5,51.3,50.5,51.05,48.9693,1857468
2018-08-27,51.5,52.35,50.8,52.35,50.2164,2143979
2018-08-28,52.7,52.7,51.3,51.6,49.4969,1755758
2018-08-29,51.35,52.45,51.35,52.45,50.3123,2584206
2018-08-30,52.8,52.9,51.75,51.85,49.7367,2480929
2018-08-31,51.7,52.4,51.65,52.05,49.9286,3548424
2018-09-03,52.0,52.15,51.25,51.55,49.449,998210
2018-09-04,51.2,51.9,51.1,51.4,49.3051,1444711
2018-09-05,51.2,51.35,49.5,49.75,47.7223,2917764
2018-09-06,49.5,50.7,49.25,49.9,47.8662,2822554
2018-09-07,49.65,50.4,49.5,50.2,48.154,2853225
2018-09-10,49.8,51.45,49.8,51.2,49.1132,4248416
2018-09-11,50.7,50.95,50.05,50.85,48.7775,3854951
2018-09-12,50.85,51.9,49.85,51.9,49.7847,3459991
2018-09-13,52.9,53.0,51.7,52.35,50.2164,2768164
2018-09-14,52.65,53.8,52.5,53.5,51.3195,2085827
2018-09-17,52.85,53.0,52.1,52.3,50.1684,1288717
2018-09-18,51.75,53.55,51.55,53.1,50.9358,2924586
2018-09-19,52.85,54.3,52.5,54.0,51.7991,2720821
2018-09-20,53.75,54.5,52.95,53.05,50.8878,3345388
2018-09-21,52.7,53.45,52.55,53.2,51.0317,12667275
2018-09-24,52.65,52.95,51.6,51.65,49.5449,1294486
2018-09-26,52.4,52.5,51.3,52.2,50.0725,2008289
2018-09-27,51.95,52.3,51.55,51.9,49.7847,995910
2018-09-28,52.05,52.2,50.35,50.5,48.4418,3454957
2018-10-02,50.65,51.0,49.5,49.55,47.5305,2297273
2018-10-03,49.05,51.4,48.8,51.3,49.2092,2587021
2018-10-04,51.65,51.65,50.2,51.05,48.9693,1868301
2018-10-05,50.2,51.5,50.2,51.35,49.2571,2349097
2018-10-08,50.85,52.35,50.85,52.1,49.9766,3048635
2018-10-09,52.05,53.95,51.15,53.15,50.9838,3999926
2018-10-10,53.15,53.2,51.5,51.9,49.7847,2119157
2018-10-11,50.5,51.0,48.95,49.1,47.0988,2917053
2018-10-12,49.6,49.6,48.65,48.7,46.7151,2454794
2018-10-15,48.7,49.05,47.95,48.0,46.0437,1247412
2018-10-16,48.6,48.7,46.9,47.05,45.1324,3043144
2018-10-18,47.05,48.4,47.05,48.1,46.1396,2352344
2018-10-19,47.85,48.0,47.0,47.05,45.1324,2298357
2018-10-22,47.05,48.4,46.6,47.95,45.9957,2261899
2018-10-23,47.9,48.2,46.8,46.9,44.9885,1711827
2018-10-24,47.5,47.6,46.9,46.95,45.0365,1663585
2018-10-25,46.0,46.95,45.8,46.95,45.0365,2092825
2018-10-26,46.6,47.7,46.6,47.6,45.66,1844534
2018-10-29,48.2,48.75,47.55,48.25,46.2835,2257889
2018-10-30,48.55,48.7,47.8,47.95,45.9957,2486416
2018-10-31,48.35,48.55,47.15,48.55,46.5712,3525586
2018-11-01,48.3,49.45,48.3,48.65,46.6672,1603871
2018-11-02,48.7,49.95,48.4,49.95,47.9142,2011832
2018-11-05,49.95,49.95,47.8,47.9,45.9477,1681743
2018-11-06,47.95,48.35,47.35,48.2,46.2355,1090004
2018-11-07,48.0,48.75,47.8,48.5,46.5233,1810269
2018-11-08,48.95,49.5,48.55,48.95,46.9549,1317332
2018-11-09,48.35,48.95,47.05,47.3,45.3722,1170319
2018-11-12,47.75,48.0,46.8,48.0,46.0437,1047195
2018-11-13,46.8,49.0,46.8,49.0,47.0029,1714452
2018-11-14,49.1,50.15,48.7,49.45,47.4346,2066085
2018-11-15,49.25,50.95,48.7,50.75,48.6816,1623481
2018-11-16,51.0,51.0,49.85,50.5,48.4418,1573699
2018-11-19,51.35,52.05,50.55,52.05,49.9286,2587810
2018-11-20,51.0,51.25,49.55,49.8,47.7703,1676777
2018-11-21,49.2,50.2,49.05,49.6,47.5784,2167465
2018-11-22,50.45,50.5,49.9,50.3,48.2499,1304987
2018-11-23,50.35,50.35,49.5,49.75,47.7223,1378826
2018-11-26,50.15,51.0,49.8,50.4,48.3458,1685096
2018-11-27,50.0,50.2,48.95,49.2,47.1948,2925077
2018-11-28,48.9,50.0,48.6,49.35,47.3386,3013998
2018-11-29,49.4,49.75,47.5,47.95,45.9957,5840070
2018-11-30,47.75,47.85,47.05,47.05,45.1324,5378712
2018-12-03,47.9,48.85,47.7,48.85,46.859,3804477
2018-12-04,48.6,49.85,48.2,49.85,47.8183,2672999
2018-12-05,49.05,49.8,49.05,49.6,47.5784,1509334
2018-12-06,48.6,49.25,48.4,48.8,46.8111,3482075
2018-12-07,50.0,50.0,48.65,48.75,46.7631,5573819
2018-12-10,48.0,48.25,47.35,47.6,45.66,1568387
2018-12-11,47.5,48.25,47.5,47.85,45.8998,1078940
2018-12-12,48.3,49.15,48.2,49.05,47.0509,1966581
2018-12-13,49.3,50.05,48.85,50.05,48.0101,1826319
2018-12-14,49.35,49.35,48.5,48.85,46.859,1701089
2018-12-17,48.95,49.4,48.55,48.6,46.6192,2302198
2018-12-18,48.05,49.25,48.0,48.25,46.2835,2306882
2018-12-19,48.6,48.9,48.35,48.9,46.907,1223184
2018-12-20,48.8,48.95,47.8,48.05,46.0916,1683866
2018-12-21,48.15,48.2,47.5,47.75,45.8038,3462266
2018-12-24,47.8,47.85,46.85,47.85,45.8998,1198555
2018-12-27,47.85,47.85,46.8,46.8,44.8926,1857001
2018-12-28,46.8,47.25,46.25,46.6,44.7007,1668796
2018-12-31,47.15,47.15,46.7,46.85,44.9405,987534
2019-01-02,46.75,46.95,45.65,45.9,44.0293,2349953
2019-01-03,46.0,46.05,45.5,45.8,43.9333,2238205
2019-01-04,45.65,46.0,45.35,45.95,44.0772,3315123
2019-01-07,46.5,47.3,46.0,47.0,45.0844,3126472
2019-01-08,46.75,47.35,46.5,47.15,45.2283,3831645
2019-01-09,47.5,48.3,47.3,48.15,46.1875,3231763
2019-01-10,47.85,48.2,47.35,48.0,46.0437,4644435
2019-01-11,48.3,48.6,47.7,48.5,46.5233,2191469
2019-01-14,48.65,48.8,48.3,48.8,46.8111,2115538
2019-01-15,48.9,49.15,48.6,48.85,46.859,2512202
2019-01-16,48.85,48.95,48.15,48.55,46.5712,3428330
2019-01-17,48.75,48.9,48.35,48.65,46.6672,3877781
2019-01-18,49.35,50.15,48.95,49.9,47.8662,3281036
2019-01-21,49.9,51.1,49.7,50.7,48.6336,1852883
2019-01-22,50.75,51.8,50.4,51.5,49.401,4447652
2019-01-23,51.45,52.4,51.45,52.2,50.0725,4224068
2019-01-24,52.25,52.3,51.2,52.15,50.0245,1929309
2019-01-25,52.5,53.45,52.05,52.95,50.7919,1894808
2019-01-28,53.2,53.2,51.5,51.85,49.7367,2074278
2019-01-29,52.0,52.85,51.55,52.2,50.0725,2364102
2019-01-30,52.8,52.8,51.85,52.45,50.3123,2478635
2019-01-31,52.5,53.65,52.4,53.5,51.3195,3072165
2019-02-01,54.55,54.55,52.7,52.75,50.6001,2280954
2019-02-04,52.55,53.45,52.55,53.45,51.2715,1285028
2019-02-08,52.9,54.5,52.9,53.85,51.6552,3277955
2019-02-11,54.5,54.9,53.95,54.85,52.6145,1744085
2019-02-12,54.6,55.1,54.35,55.0,52.7584,2563220
2019-02-13,54.75,55.1,54.45,54.95,52.7104,2327665
2019-02-14,54.5,55.6,54.5,55.55,53.2859,2572303
2019-02-15,55.6,55.6,54.0,54.3,52.0869,1877976
2019-02-18,54.45,55.5,54.1,54.8,52.5665,860880
2019-02-19,55.95,55.95,54.35,54.55,52.3267,1969429
2019-02-20,55.2,56.45,55.05,55.9,53.6217,2790403
2019-02-21,55.75,56.45,54.95,56.0,53.7176,2805961
2019-02-22,56.55,56.65,55.6,56.4,54.1013,4008973
2019-02-25,56.2,57.05,56.05,57.05,54.7248,2346254
2019-02-26,57.0,57.2,55.0,56.85,54.533,2070788
2019-02-27,57.25,57.65,56.55,57.05,54.7248,1891702
2019-02-28,56.5,57.2,55.15,55.15,52.9022,3569933
2019-03-01,54.65,55.65,54.4,54.6,52.3747,2732532
2019-03-04,54.3,55.4,54.0,55.4,53.1421,2944334
2019-03-05,54.8,55.4,54.1,54.55,52.3267,2443149
2019-03-06,54.4,58.05,54.4,58.0,55.6361,4853963
2019-03-07,58.2,59.6,57.2,57.6,55.2524,3205551
2019-03-08,56.8,58.8,56.75,58.15,55.78,4262798
2019-03-11,58.25,58.4,57.8,58.3,55.9239,2246096
2019-03-12,58.45,58.45,57.45,58.4,56.0198,2843478
2019-03-13,57.9,58.3,56.9,57.2,54.8687,2348124
2019-03-14,57.25,57.8,56.7,57.45,55.1085,2088900
2019-03-15,57.6,57.95,56.9,57.2,54.8687,3490827
2019-03-18,57.9,58.2,57.25,58.2,55.8279,1414042
2019-03-19,58.35,59.25,58.2,59.0,56.5953,2082035
2019-03-20,59.25,59.4,58.5,58.6,56.2116,1364819
2019-03-21,58.8,59.2,58.0,58.0,55.6361,1970441
2019-03-22,59.2,59.2,57.6,58.05,55.684,1656674
2019-03-25,57.2,57.6,56.7,57.2,54.8687,1784558
2019-03-26,58.6,58.6,57.15,57.45,55.1085,1564860
2019-03-27,57.1,57.65,57.0,57.35,55.0126,2056075
2019-03-28,57.0,58.65,57.0,58.65,56.2596,1251315
2019-03-29,59.0,59.25,57.95,58.45,56.0677,2727212
2019-04-01,59.1,59.6,58.6,59.6,57.1709,2554755
2019-04-02,58.05,59.15,58.05,58.55,57.1709,1858815
2019-04-03,58.25,59.4,57.4,59.4,58.0009,2768864
2019-04-04,59.4,59.55,58.25,59.1,57.7079,3755629
2019-04-08,58.95,59.25,58.0,58.85,57.4638,4157286
2019-04-09,58.55,59.0,58.15,59.0,57.6103,2725029
2019-04-10,59.2,59.2,58.55,58.85,57.4638,1916585
2019-04-11,58.8,58.9,57.2,57.85,56.4874,2310914
2019-04-12,58.0,58.1,56.2,57.4,56.048,3373836
2019-04-15,57.6,58.5,56.95,58.2,56.8291,2954914
2019-04-16,57.85,58.35,57.15,58.2,56.8291,1392656
2019-04-17,58.35,58.35,57.4,57.7,56.3409,2199833
2019-04-18,57.65,58.3,57.5,58.3,56.9268,871968
2019-04-23,57.75,58.9,57.25,58.35,56.9756,1976811
2019-04-24,57.9,59.7,57.9,59.7,58.2938,2829783
2019-04-25,59.6,60.7,59.6,60.35,58.9285,1816625
2019-04-26,60.55,60.8,59.65,60.8,59.3679,1680733
2019-04-29,60.1,61.3,60.1,61.3,59.8561,3419059
2019-04-30,60.6,60.9,59.95,60.1,58.6844,1989230
2019-05-02,60.1,60.9,59.6,60.75,59.3191,3613936
2019-05-03,60.1,60.9,59.85,60.9,59.4655,1177660
2019-05-06,60.1,60.1,58.5,59.1,57.7079,3783454
2019-05-07,58.95,60.65,58.95,60.05,58.6355,1605750
2019-05-08,58.8,59.15,58.6,58.85,57.4638,3121691
2019-05-09,58.3,58.5,57.25,57.8,56.4385,2230765
2019-05-10,58.45,59.0,57.2,58.25,56.8779,3461438
2019-05-14,57.25,57.25,56.3,56.85,55.5109,4700356
2019-05-15,56.4,57.15,56.4,57.15,55.8039,1628000
2019-05-16,56.5,57.7,55.85,57.7,56.3409,2289713
2019-05-17,58.1,58.35,56.95,57.4,56.048,2166207
2019-05-20,58.45,58.45,57.35,58.0,56.6338,1624419
2019-05-21,58.4,58.4,56.4,56.6,55.2668,2147271
2019-05-22,56.55,56.7,55.85,56.3,54.9739,3872084
2019-05-23,56.8,56.8,55.0,55.55,54.2415,5341534
2019-05-24,55.55,56.8,55.35,56.6,55.2668,2715401
2019-05-27,56.7,57.15,56.1,56.25,54.9251,1290109
2019-05-28,57.0,57.35,55.75,56.75,55.4133,7057995
2019-05-29,56.0,56.75,55.75,56.3,54.9739,2118071
2019-05-30,56.0,56.3,55.0,56.1,54.7786,3318856
2019-05-31,56.1,56.1,53.0,53.55,52.2887,3817850
2019-06-03,53.6,54.1,52.9,53.35,52.0934,3222089
2019-06-04,53.5,53.75,52.7,53.6,52.3375,3165215
2019-06-05,54.1,54.3,53.15,53.85,52.5816,1584023
2019-06-06,53.9,54.45,53.5,54.2,52.9233,2156381
2019-06-10,54.2,55.6,54.2,55.25,53.9486,1936386
2019-06-11,55.85,56.0,55.05,55.1,53.8021,2403135
2019-06-12,55.25,55.25,51.75,52.25,51.0193,3447896
2019-06-13,52.0,52.7,50.9,52.7,51.4587,4576888
2019-06-14,52.6,52.9,51.55,51.9,50.6775,3360192
2019-06-17,52.5,54.4,52.5,53.45,52.191,2644208
2019-06-18,54.0,54.3,52.5,54.3,53.021,3755440
2019-06-19,56.5,56.5,54.5,54.9,53.6069,3280923
2019-06-20,55.4,55.45,54.8,55.0,53.7045,3641713
2019-06-21,55.5,56.0,54.75,55.0,53.7045,4304399
2019-06-24,55.0,56.05,54.85,55.6,54.2904,4157405
2019-06-25,56.0,56.35,55.45,56.35,55.0227,3615125
2019-06-26,56.25,56.25,55.15,55.75,54.4368,2372623
2019-06-27,55.85,56.15,55.25,55.95,54.6321,1838055
2019-06-28,56.0,56.35,55.05,55.05,53.7533,2630732
2019-07-02,55.65,55.8,54.1,54.65,53.3627,5604523
2019-07-03,54.8,55.9,54.45,55.8,54.4857,3526033
2019-07-04,55.95,55.95,55.1,55.15,53.851,2160376
2019-07-05,55.2,55.35,54.7,55.0,53.7045,1286712
2019-07-08,54.6,54.85,52.6,53.5,52.2398,4563409
2019-07-09,53.8,53.8,52.6,52.65,51.4099,3023333
2019-07-10,52.95,53.15,52.15,52.4,51.1657,1865910
2019-07-11,53.2,53.25,52.55,52.9,51.654,3495180
2019-07-12,53.05,53.4,52.8,53.0,51.7516,1804675
2019-07-15,52.5,53.0,51.9,52.55,51.3122,1530143
2019-07-16,52.95,52.95,52.3,52.75,51.5075,4465332
2019-07-17,52.9,52.95,52.0,52.1,50.8728,2664199
2019-07-18,52.1,52.45,51.55,52.15,50.9216,2197359
2019-07-19,52.2,52.35,51.7,52.1,50.8728,2250027
2019-07-22,52.2,52.25,50.0,50.45,49.2617,6090363
2019-07-23,50.5,50.7,50.1,50.7,49.5058,3387737
2019-07-24,51.0,51.2,50.1,50.35,49.164,3025726
2019-07-25,50.75,51.05,49.9,50.65,49.457,2495009
2019-07-26,50.65,51.25,50.6,50.8,49.6034,3889424
2019-07-29,50.55,50.8,48.0,48.4,47.26,9151546
2019-07-30,48.8,49.8,48.6,49.6,48.4317,5505995
2019-07-31,49.75,49.95,48.6,49.7,48.5293,3101282
2019-08-01,48.6,49.5,48.6,48.7,47.5529,6005572
2019-08-02,48.45,48.45,47.65,47.8,46.6741,5292417
2019-08-05,47.1,47.4,45.3,45.7,44.6236,10292019
2019-08-06,45.1,46.05,44.45,45.85,44.77,9013256
2019-08-07,46.25,46.25,44.0,45.2,44.1353,6774272
2019-08-08,45.0,45.95,44.0,45.6,44.5259,5638302
2019-08-09,45.8,45.8,44.35,44.4,43.3542,5538897
2019-08-12,44.4,45.05,44.0,44.7,43.6471,6484807
2019-08-13,44.05,45.0,43.75,44.35,43.3054,8755325
2019-08-14,45.1,45.65,44.1,44.75,43.6959,7644133
2019-08-15,43.9,47.3,43.5,46.85,45.7465,9929491
2019-08-16,46.65,48.6,45.95,48.2,47.0647,9228492
2019-08-19,48.2,48.35,46.8,47.5,46.3812,6860573
2019-08-20,47.05,47.5,46.25,46.8,45.6976,4280245
2019-08-21,46.45,47.1,46.3,46.7,45.6,3303568
2019-08-22,45.7,46.05,44.3,44.8,44.8,4064256
2019-08-23,44.45,44.75,43.7,43.7,43.7,5198469
2019-08-26,42.55,43.1,41.4,42.95,42.95,6113719
2019-08-27,42.95,43.4,42.5,42.9,42.9,3706834
2019-08-28,43.3,43.35,42.75,43.05,43.05,2880131
2019-08-29,43.35,43.35,41.95,42.6,42.6,4588330
2019-08-30,43.0,43.0,41.7,42.45,42.45,5344850
2019-09-02,42.1,42.1,40.65,41.45,41.45,7174537
2019-09-03,41.55,42.1,40.85,41.3,41.3,2534994
2019-09-04,41.35,46.3,41.35,46.3,46.3,14468060
2019-09-05,45.35,45.6,43.75,44.85,44.85,12553089
2019-09-06,45.15,45.15,44.15,44.9,44.9,5574055
2019-09-09,44.6,45.0,44.1,44.15,44.15,2340375
2019-09-10,44.45,44.7,43.75,43.9,43.9,2091867
2019-09-11,44.1,46.5,43.6,45.9,45.9,6614302
2019-09-12,45.9,46.1,44.9,45.1,45.1,4346703
2019-09-13,44.6,45.25,44.4,45.1,45.1,3336976
2019-09-16,45.1,45.1,43.85,44.2,44.2,3587489
2019-09-17,44.35,44.5,43.75,44.3,44.3,3598708
2019-09-18,44.1,44.45,43.6,43.8,43.8,2532493
2019-09-19,44.0,44.1,42.8,43.15,43.15,2195146
2019-09-20,43.1,43.65,42.8,43.05,43.05,4232889
2019-09-23,43.0,43.05,42.0,42.25,42.25,2286642
2019-09-24,42.75,42.75,41.4,42.55,42.55,2555767
2019-09-25,42.55,42.9,42.0,42.4,42.4,980938
2019-09-26,42.6,42.95,41.95,42.45,42.45,3281298
2019-09-27,42.75,42.95,41.85,42.95,42.95,2883252
2019-09-30,42.85,43.0,42.15,42.8,42.8,2285580
2019-10-02,42.85,43.8,42.05,43.75,43.75,3140154
2019-10-03,43.0,43.5,42.3,43.35,43.35,4729335
2019-10-04,43.5,43.5,41.75,42.35,42.35,5011037
2019-10-08,42.35,42.9,41.55,41.8,41.8,4091582
2019-10-09,41.0,41.9,40.55,41.0,41.0,5466220
2019-10-10,41.0,42.0,40.8,41.85,41.85,3677340
2019-10-11,41.7,44.0,41.5,43.35,43.35,5190066
2019-10-14,43.75,43.75,42.4,43.0,43.0,3681850
2019-10-15,43.2,44.0,42.25,44.0,44.0,3572037
2019-10-16,44.2,45.15,43.25,44.85,44.85,6582381
2019-10-17,45.1,45.2,44.3,45.0,45.0,3508395
2019-10-18,45.0,45.0,43.9,44.5,44.5,2536720
2019-10-21,44.05,44.7,44.05,44.65,44.65,1674676
2019-10-22,45.0,45.15,44.15,44.9,44.9,2920050
2019-10-23,44.65,44.9,43.9,44.25,44.25,2664591
2019-10-24,44.05,45.45,43.9,45.45,45.45,2586962
2019-10-25,44.9,45.4,44.4,45.2,45.2,1823090
2019-10-28,45.4,46.15,44.95,46.15,46.15,2561639
2019-10-29,46.4,46.4,45.25,45.75,45.75,4216869
